[
    {
        "id": "c152140bf5462646",
        "type": "tab",
        "label": "MQTT",
        "disabled": false,
        "info": "",
        "env": []
    },
    {
        "id": "4d9c7718738d9b96",
        "type": "mqtt in",
        "z": "c152140bf5462646",
        "name": "",
        "topic": "dht11/temperature",
        "qos": "2",
        "datatype": "auto-detect",
        "broker": "ab08be4f674e4b14",
        "nl": false,
        "rap": true,
        "rh": 0,
        "inputs": 0,
        "x": 390,
        "y": 120,
        "wires": [
            [
                "b6478c971c4acd76"
            ]
        ]
    },
    {
        "id": "b6478c971c4acd76",
        "type": "ui_gauge",
        "z": "c152140bf5462646",
        "name": "",
        "group": "f15d38403eac51ad",
        "order": 1,
        "width": 0,
        "height": 0,
        "gtype": "gage",
        "title": "Temperature",
        "label": "°C",
        "format": "{{value}}",
        "min": 0,
        "max": "100",
        "colors": [
            "#00b500",
            "#e6e600",
            "#ca3838"
        ],
        "seg1": "",
        "seg2": "",
        "diff": false,
        "className": "",
        "x": 670,
        "y": 120,
        "wires": []
    },
    {
        "id": "ad8495fad4374a86",
        "type": "mqtt in",
        "z": "c152140bf5462646",
        "name": "",
        "topic": "dht11/humidity",
        "qos": "2",
        "datatype": "auto-detect",
        "broker": "ab08be4f674e4b14",
        "nl": false,
        "rap": true,
        "rh": 0,
        "inputs": 0,
        "x": 380,
        "y": 320,
        "wires": [
            [
                "4764f44091f044a5"
            ]
        ]
    },
    {
        "id": "4764f44091f044a5",
        "type": "ui_gauge",
        "z": "c152140bf5462646",
        "name": "",
        "group": "f15d38403eac51ad",
        "order": 2,
        "width": 0,
        "height": 0,
        "gtype": "gage",
        "title": "humidity",
        "label": "%",
        "format": "{{value}}",
        "min": 0,
        "max": "100",
        "colors": [
            "#00b500",
            "#e6e600",
            "#ca3838"
        ],
        "seg1": "",
        "seg2": "",
        "diff": false,
        "className": "",
        "x": 660,
        "y": 320,
        "wires": []
    },
    {
        "id": "64e1c169c0273b0f",
        "type": "ui_switch",
        "z": "c152140bf5462646",
        "name": "",
        "label": "switch",
        "tooltip": "",
        "group": "b3d0769e6ebd5d80",
        "order": 0,
        "width": 0,
        "height": 0,
        "passthru": true,
        "decouple": "false",
        "topic": "topic",
        "topicType": "msg",
        "style": "",
        "onvalue": "true",
        "onvalueType": "bool",
        "onicon": "",
        "oncolor": "",
        "offvalue": "false",
        "offvalueType": "bool",
        "officon": "",
        "offcolor": "",
        "animate": false,
        "className": "",
        "x": 370,
        "y": 440,
        "wires": [
            [
                "39bf806b7d188cab"
            ]
        ]
    },
    {
        "id": "39bf806b7d188cab",
        "type": "mqtt out",
        "z": "c152140bf5462646",
        "name": "",
        "topic": "led/control",
        "qos": "",
        "retain": "",
        "respTopic": "",
        "contentType": "",
        "userProps": "",
        "correl": "",
        "expiry": "",
        "broker": "ab08be4f674e4b14",
        "x": 630,
        "y": 400,
        "wires": []
    },
    {
        "id": "ab08be4f674e4b14",
        "type": "mqtt-broker",
        "name": "led_control",
        "broker": "127.0.0.1",
        "port": "1883",
        "clientid": "",
        "autoConnect": true,
        "usetls": false,
        "protocolVersion": "4",
        "keepalive": "60",
        "cleansession": true,
        "autoUnsubscribe": true,
        "birthTopic": "",
        "birthQos": "0",
        "birthRetain": "false",
        "birthPayload": "",
        "birthMsg": {},
        "closeTopic": "",
        "closeQos": "0",
        "closeRetain": "false",
        "closePayload": "",
        "closeMsg": {},
        "willTopic": "",
        "willQos": "0",
        "willRetain": "false",
        "willPayload": "",
        "willMsg": {},
        "userProps": "",
        "sessionExpiry": ""
    },
    {
        "id": "f15d38403eac51ad",
        "type": "ui_group",
        "name": "Default",
        "tab": "1cedd8ebd4af132d",
        "order": 1,
        "disp": true,
        "width": "6",
        "collapse": false,
        "className": ""
    },
    {
        "id": "b3d0769e6ebd5d80",
        "type": "ui_group",
        "name": "switchLed",
        "tab": "f4ddae008c5d5f25",
        "order": 4,
        "disp": true,
        "width": "6",
        "collapse": false,
        "className": ""
    },
    {
        "id": "1cedd8ebd4af132d",
        "type": "ui_tab",
        "name": "Home",
        "icon": "dashboard",
        "disabled": false,
        "hidden": false
    },
    {
        "id": "f4ddae008c5d5f25",
        "type": "ui_tab",
        "name": "ledControl",
        "icon": "dashboard",
        "disabled": false,
        "hidden": false
    }
]